"Scientific name","New","Common name","Clade","Accession","Annotation provider","Annotation","Genome","RNA Seq"
"Abrostola tripartita","","Moths","Lepidoptera","GCA_905340255.1","Ensembl","FASTA/GTF/GFF3/TSV","FASTA",""
"Abrostola tripartita","","Moths","Lepidoptera","GCA_905340225.1","Ensembl","FASTA/GTF/GFF3/TSV","FASTA",""
"Accipiter gentilis","","Northern goshawk","Birds","GCA_012487025.1","Ensembl","FASTA/GTF/GFF3/TSV","FASTA","BAM"
"Acipenser ruthenus","","Sterlet","Fish","GCA_902713435.1","Ensembl","FASTA/GTF/GFF3/TSV","FASTA",""
"Acomys cahirinus","","Egyptian spiny mouse","Mammals","GCA_004027535.1","Ensembl","FASTA/GTF/GFF3/TSV","FASTA",""
"Actinia equina","","Beadlet anemone (AE1)","Metazoa","GCA_011057435.1","Liverpool John Moores University","FASTA/GTF/GFF3/TSV","FASTA",""
"Agrilus planipennis","NEW","Emerald ash borer (EAB-ADULT)","Arthropods","GCA_000699045.2","NCBI","FASTA/GTF/GFF3/TSV","FASTA",""
"Ailuropoda melanoleuca","","Giant panda","Mammals","GCA_002007445.2","Ensembl","FASTA/GTF/GFF3/TSV","FASTA","BAM"
"Alouatta palliata","","Mantled howler monkey","Mammals","GCA_004027835.1","Ensembl","FASTA/GTF/GFF3/TSV","FASTA",""
"Amblyraja radiata","","Thorny skate","Chordates","GCA_010909765.1","Ensembl","FASTA/GTF/GFF3/TSV","FASTA","BAM"
"Ameiurus melas","","Black bullhead","Fish","GCA_012411365.1","Ensembl","FASTA/GTF/GFF3/TSV","FASTA","BAM"
"Amphipyra berbera","","Moths","Lepidoptera","GCA_910594945.1","Ensembl","FASTA/GTF/GFF3/TSV","FASTA",""
"Amphipyra berbera","","Moths","Lepidoptera","GCA_910595045.1","Ensembl","FASTA/GTF/GFF3/TSV","FASTA",""
"Amphipyra tragopoginis","","Moths","Lepidoptera","GCA_905220425.1","Ensembl","FASTA/GTF/GFF3/TSV","FASTA",""
"Amphipyra tragopoginis","","Moths","Lepidoptera","GCA_905220435.1","Ensembl","FASTA/GTF/GFF3/TSV","FASTA",""
"Anabas testudineus","","Climbing perch","Fish","GCA_900324465.2","Ensembl","FASTA/GTF/GFF3/TSV","FASTA","BAM"
"Anabas testudineus","","Climbing perch","Fish","GCA_900324465.1","Ensembl","FASTA/GTF/GFF3/TSV","FASTA",""
"Anableps anableps","","Largescale foureyes","Fish","GCA_014839685.1","Ensembl","FASTA/GTF/GFF3/TSV","FASTA","BAM"
"Anas zonorhyncha","","Eastern spot-billed duck","Birds","GCA_002224875.1","Ensembl","FASTA/GTF/GFF3/TSV","FASTA",""
"Ancistrocerus nigricornis","","Wasps, ants, and bees","Arthropods","GCA_916049575.1","Ensembl","FASTA/GTF/GFF3/TSV","FASTA",""
"Ancistrocerus nigricornis","","Wasps, ants, and bees","Arthropods","GCA_916050135.1","Ensembl","FASTA/GTF/GFF3/TSV","FASTA",""
"Andrena haemorrhoa","","Bees","Arthropods","GCA_910592295.1","Ensembl","FASTA/GTF/GFF3/TSV","FASTA",""
"Anguilla anguilla","","European eel","Fish","GCA_013347855.1","Ensembl","FASTA/GTF/GFF3/TSV","FASTA","BAM"
"Anneissia japonica","NEW","Sea lily (Jap-2015-1)","Metazoa","GCA_011630105.1","NCBI","FASTA/GTF/GFF3/TSV","FASTA",""
"Anolis carolinensis","","Green anole","Reptiles","GCA_000090745.2","Ensembl","FASTA/GTF/GFF3/TSV","FASTA",""
"Anopheles atroparvus","","Mosquito (Infravec2 EBRE)","Arthropods","GCA_914969975.1","Ensembl","FASTA/GTF/GFF3/TSV","FASTA",""
"Anser cygnoides domesticus","","Swan goose (Zhedong)","Birds","GCA_000971095.1","Ensembl","FASTA/GTF/GFF3/TSV","FASTA",""
"Anthocharis cardamines","","Orange tip","Lepidoptera","GCA_905404305.1","Ensembl","FASTA/GTF/GFF3/TSV","FASTA",""
"Anthocharis cardamines","","Orange tip","Lepidoptera","GCA_905404175.1","Ensembl","FASTA/GTF/GFF3/TSV","FASTA",""
"Aphidius gifuensis","NEW","Parasitoid wasp (YNYX2018)","Arthropods","GCA_014905175.1","NCBI","FASTA/GTF/GFF3/TSV","FASTA",""
"Aplysia californica","NEW","California sea hare (F4 #8)","Metazoa","GCA_000002075.2","NCBI","FASTA/GTF/GFF3/TSV","FASTA",""
"Aporia crataegi","","Black-veined white","Lepidoptera","GCA_912999735.1","Ensembl","FASTA/GTF/GFF3/TSV","FASTA",""
"Aporia crataegi","","Black-veined white","Lepidoptera","GCA_912999795.1","Ensembl","FASTA/GTF/GFF3/TSV","FASTA",""
"Aptenodytes patagonicus","","King penguin","Birds","GCA_010087175.1","Ensembl","FASTA/GTF/GFF3/TSV","FASTA","BAM"
"Aquila chrysaetos chrysaetos","","Golden eagle","Birds","GCA_900496995.2","Ensembl","FASTA/GTF/GFF3/TSV","FASTA","BAM"
"Archocentrus centrarchus","","Flier cichlid","Fish","GCA_007364275.2","Ensembl","FASTA/GTF/GFF3/TSV","FASTA",""
"Aricia agestis","","Brown argus","Lepidoptera","GCA_905147365.1","Ensembl","FASTA/GTF/GFF3/TSV","FASTA",""
"Artibeus jamaicensis","","Jamaican fruit-eating bat","Mammals","GCA_004027435.1","Ensembl","FASTA/GTF/GFF3/TSV","FASTA",""
"Artibeus jamaicensis","","Jamaican fruit-eating bat","Mammals","GCA_014825515.1","Ensembl","FASTA/GTF/GFF3/TSV","FASTA",""
"Arvicanthis niloticus","","African grass rat","Mammals","GCA_011762505.1","Ensembl","FASTA/GTF/GFF3/TSV","FASTA",""
"Arvicola amphibius","","Eurasian water vole","Mammals","GCA_903992535.1","Ensembl","FASTA/GTF/GFF3/TSV","FASTA","BAM"
"Astatotilapia calliptera","","Eastern happy","Fish","GCA_900246225.3","Ensembl","FASTA/GTF/GFF3/TSV","FASTA",""
"Asterias rubens","","European starfish","Metazoa","GCA_902459465.3","Ensembl","FASTA/GTF/GFF3/TSV","FASTA",""
"Ateles geoffroyi","","Black-handed spider monkey","Mammals","GCA_004024785.1","Ensembl","FASTA/GTF/GFF3/TSV","FASTA","BAM"
"Athalia rosae","NEW","Coleseed sawfly (CS-ADULT)","Arthropods","GCA_000344095.2","NCBI","FASTA/GTF/GFF3/TSV","FASTA",""
"Athalia rosae","","Coleseed sawfly","Arthropods","GCA_917208135.1","Ensembl","FASTA/GTF/GFF3/TSV","FASTA",""
"Autographa gamma","","Silver Y moth","Lepidoptera","GCA_905146835.1","Ensembl","FASTA/GTF/GFF3/TSV","FASTA",""
"Autographa pulchrina","","Moths","Lepidoptera","GCA_905475435.1","Ensembl","FASTA/GTF/GFF3/TSV","FASTA",""
"Autographa pulchrina","","Moths","Lepidoptera","GCA_905475315.1","Ensembl","FASTA/GTF/GFF3/TSV","FASTA",""
"Bactrocera dorsalis","NEW","Oriental fruit fly (Punador)","Arthropods","GCA_000789215.2","NCBI","FASTA/GTF/GFF3/TSV","FASTA",""
"Bactrocera latifrons","NEW","Solanum fruit fly (USDA-ARS-PBARC rearing strain)","Arthropods","GCA_001853355.1","NCBI","FASTA/GTF/GFF3/TSV","FASTA",""
"Bactrocera tryoni","NEW","Queensland fruitfly (S06)","Arthropods","GCA_016617805.2","NCBI","FASTA/GTF/GFF3/TSV","FASTA",""
"Balaenoptera musculus","","Blue whale","Mammals","GCA_009873245.3","Ensembl","FASTA/GTF/GFF3/TSV","FASTA",""
"Balaenoptera musculus","","Blue whale","Mammals","GCA_009873245.2","Ensembl","FASTA/GTF/GFF3/TSV","FASTA","BAM"
"Bembecia ichneumoniformis","","Six-belted clearwing","Lepidoptera","GCA_910589475.1","Ensembl","FASTA/GTF/GFF3/TSV","FASTA",""
"Bembecia ichneumoniformis","","Six-belted clearwing","Lepidoptera","GCA_910589565.1","Ensembl","FASTA/GTF/GFF3/TSV","FASTA",""
"Betta splendens","","Siamese fighting fish","Fish","GCA_900634795.2","Ensembl","FASTA/GTF/GFF3/TSV","FASTA",""
"Biston betularia","","Pepper-and-salt moth","Lepidoptera","GCA_905404215.1","Ensembl","FASTA/GTF/GFF3/TSV","FASTA",""
"Biston betularia","","Pepper-and-salt moth","Lepidoptera","GCA_905404145.1","Ensembl","FASTA/GTF/GFF3/TSV","FASTA",""
"Blastobasis adustella","","Moths","Lepidoptera","GCA_907269095.1","Ensembl","FASTA/GTF/GFF3/TSV","FASTA",""
"Blastobasis adustella","","Moths","Lepidoptera","GCA_907269055.1","Ensembl","FASTA/GTF/GFF3/TSV","FASTA",""
"Blastobasis lacticolella","","Moths","Lepidoptera","GCA_905147135.1","Ensembl","FASTA/GTF/GFF3/TSV","FASTA",""
"Blastobasis lacticolella","","Moths","Lepidoptera","GCA_905147205.1","Ensembl","FASTA/GTF/GFF3/TSV","FASTA",""
"Bombus bifarius","","Bees","Arthropods","GCA_011952205.1","Ensembl","FASTA/GTF/GFF3/TSV","FASTA",""
"Bombus breviceps","","Bees","Arthropods","GCA_014825925.1","Ensembl","FASTA/GTF/GFF3/TSV","FASTA",""
"Bombus campestris","","Bees","Arthropods","GCA_905333015.1","Ensembl","FASTA/GTF/GFF3/TSV","FASTA",""
"Bombus confusus","","Bees","Arthropods","GCA_014737475.1","Ensembl","FASTA/GTF/GFF3/TSV","FASTA",""
"Bombus consobrinus","","Bees","Arthropods","GCA_014737455.1","Ensembl","FASTA/GTF/GFF3/TSV","FASTA",""
"Bombus cullumanus","","Bees","Arthropods","GCA_014737535.1","Ensembl","FASTA/GTF/GFF3/TSV","FASTA",""
"Bombus difficillimus","","Bees","Arthropods","GCA_014737525.1","Ensembl","FASTA/GTF/GFF3/TSV","FASTA",""
"Bombus haemorrhoidalis","","Bees","Arthropods","GCA_014825975.1","Ensembl","FASTA/GTF/GFF3/TSV","FASTA",""
"Bombus hortorum","","Bees","Arthropods","GCA_905332935.1","Ensembl","FASTA/GTF/GFF3/TSV","FASTA",""
"Bombus hypnorum","","Bees","Arthropods","GCA_911387925.1","Ensembl","FASTA/GTF/GFF3/TSV","FASTA",""
"Bombus impatiens","","Common eastern bumble bee","Arthropods","GCA_000188095.4","Ensembl","FASTA/GTF/GFF3/TSV","FASTA",""
"Bombus opulentus","","Bees","Arthropods","GCA_014737405.1","Ensembl","FASTA/GTF/GFF3/TSV","FASTA",""
"Bombus pascuorum","","Bees","Arthropods","GCA_905332995.1","Ensembl","FASTA/GTF/GFF3/TSV","FASTA",""
"Bombus pascuorum","","Bees","Arthropods","GCA_905332965.1","Ensembl","FASTA/GTF/GFF3/TSV","FASTA",""
"Bombus picipes","","Bees","Arthropods","GCA_014737485.1","Ensembl","FASTA/GTF/GFF3/TSV","FASTA",""
"Bombus polaris","","Bees","Arthropods","GCA_014737335.1","Ensembl","FASTA/GTF/GFF3/TSV","FASTA",""
"Bombus pyrosoma","","Bees","Arthropods","GCA_014825855.1","Ensembl","FASTA/GTF/GFF3/TSV","FASTA",""
"Bombus sibiricus","","Bees","Arthropods","GCA_014737505.1","Ensembl","FASTA/GTF/GFF3/TSV","FASTA",""
"Bombus skorikovi","","Bees","Arthropods","GCA_014737355.1","Ensembl","FASTA/GTF/GFF3/TSV","FASTA",""
"Bombus soroeensis","","Bees","Arthropods","GCA_014737365.1","Ensembl","FASTA/GTF/GFF3/TSV","FASTA",""
"Bombus superbus","","Bees","Arthropods","GCA_014737385.1","Ensembl","FASTA/GTF/GFF3/TSV","FASTA",""
"Bombus sylvestris","","Bees","Arthropods","GCA_911622165.1","Ensembl","FASTA/GTF/GFF3/TSV","FASTA",""
"Bombus terrestris","","Buff-tailed bumblebee","Arthropods","GCA_910591885.1","Ensembl","FASTA/GTF/GFF3/TSV","FASTA",""
"Bombus terrestris","","Buff-tailed bumblebee","Arthropods","GCA_000214255.1","Ensembl","FASTA/GTF/GFF3/TSV","FASTA",""
"Bombus turneri","","Bees","Arthropods","GCA_014825825.1","Ensembl","FASTA/GTF/GFF3/TSV","FASTA",""
"Bombus vancouverensis nearcticus","","Bees","Arthropods","GCA_011952275.1","Ensembl","FASTA/GTF/GFF3/TSV","FASTA",""
"Bombus waltoni","","Bees","Arthropods","GCA_014737395.1","Ensembl","FASTA/GTF/GFF3/TSV","FASTA",""
"Bos gaurus","","Gaur","Mammals","GCA_014182915.1","Ensembl","FASTA/GTF/GFF3/TSV","FASTA","BAM"
"Bos mutus","","Wild yak (Datong Yak)","Mammals","GCA_007646595.3","Ensembl","FASTA/GTF/GFF3/TSV","FASTA",""
"Bubalus bubalis","","Water buffalo","Mammals","GCA_003121395.1","Ensembl","FASTA/GTF/GFF3/TSV","FASTA","BAM"
"Bubo bubo","","Eurasian eagle-owl","Birds","GCA_010303855.1","Ensembl","FASTA/GTF/GFF3/TSV","FASTA",""
"Bufo gargarizans","","Asiatic toad","Amphibians","GCA_014858855.1","Ensembl","FASTA/GTF/GFF3/TSV","FASTA","BAM"
"Buteo japonicus","","Eastern buzzard","Birds","GCA_010312235.1","Ensembl","FASTA/GTF/GFF3/TSV","FASTA",""
"Cairina moschata domestica","","Muscovy Duck (domestic type)","Birds","GCA_009194515.1","Ensembl","FASTA/GTF/GFF3/TSV","FASTA",""
"Cajanus cajan","","Pigeon pea","Plants","GCA_000340665.1","IIPG","FASTA/GTF/GFF3/TSV","FASTA",""
"Callithrix jacchus","","White-tufted-ear marmoset","Mammals","GCA_011100555.1","Ensembl","FASTA/GTF/GFF3/TSV","FASTA","BAM"
"Callorhinus ursinus","","Northern fur seal","Mammals","GCA_003265705.1","Ensembl","FASTA/GTF/GFF3/TSV","FASTA",""
"Camarhynchus parvulus","","Small tree finch","Birds","GCA_902806625.1","Ensembl","FASTA/GTF/GFF3/TSV","FASTA",""
"Camelus ferus","","Wild Bactrian camel","Mammals","GCA_009834535.1","Ensembl","FASTA/GTF/GFF3/TSV","FASTA","BAM"
"Canis lupus familiaris","","Dog (German Shepherd)","Mammals","GCA_008641055.1","Ensembl","FASTA/GTF/GFF3/TSV","FASTA",""
"Canis lupus familiaris","","Dog (Great Dane)","Mammals","GCA_005444595.1","Ensembl","FASTA/GTF/GFF3/TSV","FASTA","BAM"
"Canis lupus familiaris","","Dog (Basenji)","Mammals","GCA_004886185.1","Ensembl","FASTA/GTF/GFF3/TSV","FASTA","BAM"
"Canis lupus familiaris","","Dog (Basenji)","Mammals","GCA_004886185.2","Ensembl","FASTA/GTF/GFF3/TSV","FASTA","BAM"
"Canis lupus familiaris","","Dog (Labrador retriever)","Mammals","GCA_014441545.1","Ensembl","FASTA/GTF/GFF3/TSV","FASTA","BAM"
"Canis lupus familiaris","","Dog (Boxer)","Mammals","GCA_000002285.4","Ensembl","FASTA/GTF/GFF3/TSV","FASTA","BAM"
"Canis lupus familiaris","","Dog (German Shepherd)","Mammals","GCA_011100685.1","Ensembl","FASTA/GTF/GFF3/TSV","FASTA","BAM"
"Canis lupus familiaris","","Dog (German Shepherd)","Mammals","GCA_008641055.3","Ensembl","FASTA/GTF/GFF3/TSV","FASTA",""
"Capra hircus","","Goat (Black Bengal)","Mammals","GCA_004361675.1","Ensembl","FASTA/GTF/GFF3/TSV","FASTA",""
"Capra hircus","","Goat","Mammals","GCA_001704415.1","Ensembl","FASTA/GTF/GFF3/TSV","FASTA",""
"Capreolus pygargus","","Eastern roe deer","Mammals","GCA_012922965.1","Ensembl","FASTA/GTF/GFF3/TSV","FASTA","BAM"
"Carassius auratus red var.","","Red crucian carp","Fish","GCA_009069565.1","Ensembl","FASTA/GTF/GFF3/TSV","FASTA",""
"Catharus ustulatus","","Swainson's thrush","Birds","GCA_009819885.1","Ensembl","FASTA/GTF/GFF3/TSV","FASTA","BAM"
"Cavia tschudii","","Montane guinea pig","Mammals","GCA_004027695.1","Ensembl","FASTA/GTF/GFF3/TSV","FASTA",""
"Celastrina argiolus","","Holly blue","Lepidoptera","GCA_905187575.1","Ensembl","FASTA/GTF/GFF3/TSV","FASTA",""
"Celastrina argiolus","","Holly blue","Lepidoptera","GCA_905147145.1","Ensembl","FASTA/GTF/GFF3/TSV","FASTA",""
"Centruroides sculpturatus","NEW","Bark scorpion (CEXI.00-Female)","Arthropods","GCA_000671375.2","NCBI","FASTA/GTF/GFF3/TSV","FASTA",""
"Ceratitis capitata","NEW","Mediterranean fruit fly","Arthropods","GCA_000347755.4","NCBI","FASTA/GTF/GFF3/TSV","FASTA",""
"Cerceris rybyensis","","Bees","Arthropods","GCA_910591515.1","Ensembl","FASTA/GTF/GFF3/TSV","FASTA",""
"Cervus hanglu yarkandensis","","Yarkand deer","Mammals","GCA_010411085.1","Ensembl","FASTA/GTF/GFF3/TSV","FASTA",""
"Cheirogaleus medius","","Lesser dwarf lemur","Mammals","GCA_004024725.1","Ensembl","FASTA/GTF/GFF3/TSV","FASTA","BAM"
"Chiroxiphia lanceolata","","Lance-tailed manakin","Birds","GCA_009829145.1","Ensembl","FASTA/GTF/GFF3/TSV","FASTA",""
"Choloepus didactylus","","Southern two-toed sloth","Mammals","GCA_015220235.1","Ensembl","FASTA/GTF/GFF3/TSV","FASTA","BAM"
"Chrysemys picta","","Painted turtle","Reptiles","GCA_011386835.1","Ensembl","FASTA/GTF/GFF3/TSV","FASTA","BAM"
"Cimex lectularius","","Bed bug (Harlan)","Arthropods","GCA_000648675.3","NCBI","FASTA/GTF/GFF3/TSV","FASTA",""
"Clostera curtula","","Moths","Lepidoptera","GCA_905475325.1","Ensembl","FASTA/GTF/GFF3/TSV","FASTA",""
"Clostera curtula","","Moths","Lepidoptera","GCA_905475355.1","Ensembl","FASTA/GTF/GFF3/TSV","FASTA",""
"Clytia hemisphaerica","","(Z4C2)","Metazoa","GCA_902728285.1","Institut de la Mer de Villefranche","FASTA/GTF/GFF3/TSV","FASTA",""
"Colias croceus","","Clouded yellow","Lepidoptera","GCA_905220415.1","Ensembl","FASTA/GTF/GFF3/TSV","FASTA",""
"Colias croceus","","Clouded yellow","Lepidoptera","GCA_905220445.1","Ensembl","FASTA/GTF/GFF3/TSV","FASTA",""
"Colletes gigas","","Bees","Arthropods","GCA_013123115.1","Ensembl","FASTA/GTF/GFF3/TSV","FASTA",""
"Copidosoma floridanum","NEW","Parasitoid wasp (CFLO.00-Male)","Arthropods","GCA_000648655.2","NCBI","FASTA/GTF/GFF3/TSV","FASTA",""
"Corvus moneduloides","","New Caledonian crow","Birds","GCA_009650955.1","Ensembl","FASTA/GTF/GFF3/TSV","FASTA",""
"Corvus moneduloides","","New Caledonian crow","Birds","GCA_009650515.1","Ensembl","FASTA/GTF/GFF3/TSV","FASTA",""
"Cotesia glomerata","NEW","White butterfly parasite wasp (CgM1)","Arthropods","GCA_020080835.1","NCBI","FASTA/GTF/GFF3/TSV","FASTA",""
"Cottoperca gobio","","Channel bull blenny","Fish","GCA_900634415.1","Ensembl","FASTA/GTF/GFF3/TSV","FASTA",""
"Craniophora ligustri","","Moths","Lepidoptera","GCA_905163465.1","Ensembl","FASTA/GTF/GFF3/TSV","FASTA",""
"Craniophora ligustri","","Moths","Lepidoptera","GCA_905163585.1","Ensembl","FASTA/GTF/GFF3/TSV","FASTA",""
"Crassostrea gigas","NEW","Pacific oyster","Metazoa","GCA_902806645.1","The Roslin Institute, The University of Edinburgh","FASTA/GTF/GFF3/TSV","FASTA",""
"Crassostrea virginica","NEW","Eastern oyster (RU13XGHG1-28)","Metazoa","GCA_002022765.4","NCBI","FASTA/GTF/GFF3/TSV","FASTA",""
"Crocuta crocuta","","Spotted hyena","Mammals","GCA_008692635.1","Ensembl","FASTA/GTF/GFF3/TSV","FASTA",""
"Culex quinquefasciatus","","Southern house mosquito (JHB)","Arthropods","GCA_015732765.1","NCBI","FASTA/GTF/GFF3/TSV","FASTA",""
"Culter alburnus","","Topmouth culter","Fish","GCA_009869775.1","Ensembl","FASTA/GTF/GFF3/TSV","FASTA",""
"Cyclopterus lumpus","","Lumpfish","Fish","GCA_009769545.1","Ensembl","FASTA/GTF/GFF3/TSV","FASTA",""
"Cydia splendana","","Moths","Lepidoptera","GCA_910591525.1","Ensembl","FASTA/GTF/GFF3/TSV","FASTA",""
"Cydia splendana","","Moths","Lepidoptera","GCA_910591565.1","Ensembl","FASTA/GTF/GFF3/TSV","FASTA",""
"Cygnus atratus","","Black swan","Birds","GCA_013377495.1","Ensembl","FASTA/GTF/GFF3/TSV","FASTA",""
"Cygnus olor","","Mute swan","Birds","GCA_009769625.2","Ensembl","FASTA/GTF/GFF3/TSV","FASTA",""
"Cyprinus carpio carpio","","Common carp","Fish","GCA_905221575.1","Ensembl","FASTA/GTF/GFF3/TSV","FASTA","BAM"
"Daubentonia madagascariensis","","Aye-aye","Mammals","GCA_004027145.1","Ensembl","FASTA/GTF/GFF3/TSV","FASTA","BAM"
"Delphinapterus leucas","","Beluga whale (Cook Inlet)","Mammals","GCA_009917745.1","Ensembl","FASTA/GTF/GFF3/TSV","FASTA",""
"Delphinapterus leucas","","Beluga whale (Bristol Bay)","Mammals","GCA_009917725.1","Ensembl","FASTA/GTF/GFF3/TSV","FASTA",""
"Dendroctonus ponderosae","NEW","Mountain pine beetle","Arthropods","GCA_000355655.1","NCBI","FASTA/GTF/GFF3/TSV","FASTA",""
"Dendronephthya gigantea","NEW","Carnation coral (DGI-Jeju-01)","Metazoa","GCA_004324835.1","NCBI","FASTA/GTF/GFF3/TSV","FASTA",""
"Denticeps clupeoides","","Denticle herring","Fish","GCA_900700375.1","Ensembl","FASTA/GTF/GFF3/TSV","FASTA",""
"Denticeps clupeoides","","Denticle herring","Fish","GCA_900700375.2","Ensembl","FASTA/GTF/GFF3/TSV","FASTA",""
"Dermacentor silvarum","","Ticks (Dsil-2018)","Arthropods","GCA_013339745.1","NCBI","FASTA/GTF/GFF3/TSV","FASTA",""
"Dermatophagoides pteronyssinus","NEW","European house dust mite (airmid)","Arthropods","GCA_001901225.2","NCBI","FASTA/GTF/GFF3/TSV","FASTA",""
"Desmodus rotundus","","Common vampire bat","Mammals","GCA_002940915.1","Ensembl","FASTA/GTF/GFF3/TSV","FASTA",""
"Diabrotica virgifera virgifera","NEW","Western corn rootworm (Ped12-6-A-3)","Arthropods","GCA_003013835.2","NCBI","FASTA/GTF/GFF3/TSV","FASTA",""
"Dicentrarchus labrax","","European seabass","Fish","GCA_905237075.1","Ensembl","FASTA/GTF/GFF3/TSV","FASTA","BAM"
"Digitaria exilis","","Monocots (digitaria_exilis)","Plants","GCA_902859565.1","KAUST","FASTA/GTF/GFF3/TSV","FASTA",""
"Diuraphis noxia","NEW","Russian wheat aphid (RWA2)","Arthropods","GCA_001186385.1","NCBI","FASTA/GTF/GFF3/TSV","FASTA",""
"Dolichovespula media","","Median wasp","Arthropods","GCA_911387685.1","Ensembl","FASTA/GTF/GFF3/TSV","FASTA",""
"Drosophila melanogaster","","Fruit fly","Arthropods","GCA_000001215.4","FlyBase","FASTA/GTF/GFF3/TSV","FASTA",""
"Echeneis naucrates","","Live sharksucker","Fish","GCA_900963305.1","Ensembl","FASTA/GTF/GFF3/TSV","FASTA",""
"Ectemnius continuus","","Bees","Arthropods","GCA_910591665.1","Ensembl","FASTA/GTF/GFF3/TSV","FASTA",""
"Ectemnius lituratus","","Bees","Arthropods","GCA_910593735.1","Ensembl","FASTA/GTF/GFF3/TSV","FASTA",""
"Electrophorus electricus","","Electric eel","Fish","GCA_013358815.1","Ensembl","FASTA/GTF/GFF3/TSV","FASTA","BAM"
"Emmelina monodactyla","","Morning-glory plume moth","Lepidoptera","GCA_916618085.1","Ensembl","FASTA/GTF/GFF3/TSV","FASTA",""
"Emmelina monodactyla","","Morning-glory plume moth","Lepidoptera","GCA_916618145.1","Ensembl","FASTA/GTF/GFF3/TSV","FASTA",""
"Enhydra lutris kenyoni","","Sea otter","Mammals","GCA_002288905.2","Ensembl","FASTA/GTF/GFF3/TSV","FASTA",""
"Ennomos fuscantarius","","Dusky thorn","Lepidoptera","GCA_905220475.1","Ensembl","FASTA/GTF/GFF3/TSV","FASTA",""
"Ennomos fuscantarius","","Dusky thorn","Lepidoptera","GCA_905220485.1","Ensembl","FASTA/GTF/GFF3/TSV","FASTA",""
"Ennomos quercinarius","","Moths","Lepidoptera","GCA_910589225.1","Ensembl","FASTA/GTF/GFF3/TSV","FASTA",""
"Ennomos quercinarius","","Moths","Lepidoptera","GCA_910589525.1","Ensembl","FASTA/GTF/GFF3/TSV","FASTA",""
"Erpetoichthys calabaricus","","Reedfish","Fish","GCA_900747795.2","Ensembl","FASTA/GTF/GFF3/TSV","FASTA",""
"Eudyptes chrysocome","","Rockhopper penguin","Birds","GCA_010085355.1","Ensembl","FASTA/GTF/GFF3/TSV","FASTA","BAM"
"Eudyptes filholi","","Southern rockhopper penguin","Birds","GCA_010085365.1","Ensembl","FASTA/GTF/GFF3/TSV","FASTA","BAM"
"Eudyptes moseleyi","","Northern rockhopper penguin","Birds","GCA_010082375.1","Ensembl","FASTA/GTF/GFF3/TSV","FASTA","BAM"
"Eudyptes pachyrhynchus","","Fiordland penguin","Birds","GCA_010085335.1","Ensembl","FASTA/GTF/GFF3/TSV","FASTA","BAM"
"Eudyptes robustus","","Snares penguin","Birds","GCA_010085315.1","Ensembl","FASTA/GTF/GFF3/TSV","FASTA","BAM"
"Eudyptes sclateri","","Erect-crested penguin","Birds","GCA_010078445.1","Ensembl","FASTA/GTF/GFF3/TSV","FASTA","BAM"
"Eumetopias jubatus","","Steller sea lion","Mammals","GCA_004028035.1","Ensembl","FASTA/GTF/GFF3/TSV","FASTA",""
"Euproctis similis","","Moths","Lepidoptera","GCA_905147225.1","Ensembl","FASTA/GTF/GFF3/TSV","FASTA",""
"Fabriciana adippe","","High brown fritillary","Lepidoptera","GCA_905404255.1","Ensembl","FASTA/GTF/GFF3/TSV","FASTA",""
"Fabriciana adippe","","High brown fritillary","Lepidoptera","GCA_905404265.1","Ensembl","FASTA/GTF/GFF3/TSV","FASTA",""
"Falco cherrug","","Saker falcon","Birds","GCA_000337975.1","Ensembl","FASTA/GTF/GFF3/TSV","FASTA","BAM"
"Falco peregrinus","","Peregrine falcon","Birds","GCA_012488915.1","Ensembl","FASTA/GTF/GFF3/TSV","FASTA","BAM"
"Falco tinnunculus","","Common kestrel","Birds","GCA_010332995.1","Ensembl","FASTA/GTF/GFF3/TSV","FASTA",""
"Felis catus","","Domestic cat (American shorthair)","Mammals","GCA_013340865.1","Ensembl","FASTA/GTF/GFF3/TSV","FASTA","BAM"
"Felis catus x Leopardis geoffroyi","","Asian leopard cat","Mammals","GCA_018350175.1","Ensembl","FASTA/GTF/GFF3/TSV","FASTA",""
"Felis catus x Leopardis geoffroyi","","Geoffroyi cat","Mammals","GCA_018350155.1","Ensembl","FASTA/GTF/GFF3/TSV","FASTA",""
"Felis catus x Prionailurus bengalensis","","Bengal (Bengal)","Mammals","GCA_016509475.1","Ensembl","FASTA/GTF/GFF3/TSV","FASTA",""
"Ficedula albicollis","","Collared flycatcher","Birds","GCA_000247815.2","Ensembl","FASTA/GTF/GFF3/TSV","FASTA",""
"Gadus morhua","","Atlantic cod","Fish","GCA_902167405.1","Ensembl","FASTA/GTF/GFF3/TSV","FASTA",""
"Gallus gallus","","Chicken","Birds","GCA_000002315.5","Ensembl","FASTA/GTF/GFF3/TSV","FASTA","BAM"
"Gasterosteus aculeatus","","Three-spined stickleback (freshwater)","Fish","GCA_006229185.1","Ensembl","FASTA/GTF/GFF3/TSV","FASTA",""
"Gasterosteus aculeatus","","Three-spined stickleback (marine)","Fish","GCA_006232265.1","Ensembl","FASTA/GTF/GFF3/TSV","FASTA",""
"Gasterosteus aculeatus","","Three-spined stickleback (marine)","Fish","GCA_006232285.1","Ensembl","FASTA/GTF/GFF3/TSV","FASTA",""
"Gigantopelta aegis","NEW","Deep sea snail (Gae_Host)","Metazoa","GCA_016097555.1","NCBI","FASTA/GTF/GFF3/TSV","FASTA",""
"Globicephala melas","","Long-finned pilot whale","Mammals","GCA_006547405.1","Ensembl","FASTA/GTF/GFF3/TSV","FASTA","BAM"
"Gopherus evgoodei","","Goodes thornscrub tortoise","Reptiles","GCA_007399415.1","Ensembl","FASTA/GTF/GFF3/TSV","FASTA",""
"Gouania willdenowi","","Blunt-snouted clingfish","Fish","GCA_900634775.1","Ensembl","FASTA/GTF/GFF3/TSV","FASTA",""
"Gymnodraco acuticeps","","Ploughfish","Fish","GCA_902827175.1","Ensembl","FASTA/GTF/GFF3/TSV","FASTA",""
"Haemaphysalis longicornis","","Longhorned tick (HaeL-2018)","Arthropods","GCA_013339765.1","TIGMIC Group, Beijing Institute of Microbiology and Epidemiology","FASTA/GTF/GFF3/TSV","FASTA",""
"Harpagifer antarcticus","","Antarctic spiny plunderfish","Fish","GCA_902827135.1","Ensembl","FASTA/GTF/GFF3/TSV","FASTA",""
"Hecatera dysodea","","Moths","Lepidoptera","GCA_905332915.1","Ensembl","FASTA/GTF/GFF3/TSV","FASTA",""
"Hedya salicella","","Moths","Lepidoptera","GCA_905404275.1","Ensembl","FASTA/GTF/GFF3/TSV","FASTA",""
"Hedya salicella","","Moths","Lepidoptera","GCA_905404235.1","Ensembl","FASTA/GTF/GFF3/TSV","FASTA",""
"Hemaris fuciformis","","Moths","Lepidoptera","GCA_907164795.1","Ensembl","FASTA/GTF/GFF3/TSV","FASTA",""
"Hemaris fuciformis","","Moths","Lepidoptera","GCA_907164865.1","Ensembl","FASTA/GTF/GFF3/TSV","FASTA",""
"Hermetia illucens","NEW","Black soldier fly","Arthropods","GCA_905115235.1","NCBI","FASTA/GTF/GFF3/TSV","FASTA",""
"Hippopotamus amphibius","","Hippopotamus","Mammals","GCA_004027065.2","Ensembl","FASTA/GTF/GFF3/TSV","FASTA","BAM"
"Hipposideros armiger","","Great roundleaf bat","Mammals","GCA_001890085.1","Ensembl","FASTA/GTF/GFF3/TSV","FASTA",""
"Hipposideros galeritus","","Cantor's roundleaf bat","Mammals","GCA_004027415.1","Ensembl","FASTA/GTF/GFF3/TSV","FASTA",""
"Hirundo rustica","","Barn swallow","Birds","GCA_015227805.1","Ensembl","FASTA/GTF/GFF3/TSV","FASTA","BAM"
"Hyalomma asiaticum","","Ticks (Hyas-2018)","Arthropods","GCA_013339685.1","TIGMIC Group, Beijing Institute of Microbiology and Epidemiology","FASTA/GTF/GFF3/TSV","FASTA",""
"Hydra vulgaris","NEW","Swiftwater hydra (105)","Metazoa","GCA_000004095.1","NCBI","FASTA/GTF/GFF3/TSV","FASTA",""
"Hylobates moloch","","Silvery gibbon","Mammals","GCA_009828535.2","Ensembl","FASTA/GTF/GFF3/TSV","FASTA","BAM"
"Hypena proboscidalis","","Moths","Lepidoptera","GCA_905147285.1","Ensembl","FASTA/GTF/GFF3/TSV","FASTA",""
"Hypena proboscidalis","","Moths","Lepidoptera","GCA_905147305.1","Ensembl","FASTA/GTF/GFF3/TSV","FASTA",""
"Ichneumon xanthorius","","Wasps, ants, and bees","Arthropods","GCA_917499995.1","Ensembl","FASTA/GTF/GFF3/TSV","FASTA",""
"Idaea aversata","","Riband wave","Lepidoptera","GCA_907269045.1","Ensembl","FASTA/GTF/GFF3/TSV","FASTA",""
"Idaea aversata","","Riband wave","Lepidoptera","GCA_907269075.1","Ensembl","FASTA/GTF/GFF3/TSV","FASTA",""
"Inachis io","","European peacock","Lepidoptera","GCA_905147045.1","Ensembl","FASTA/GTF/GFF3/TSV","FASTA",""
"Inachis io","","European peacock","Lepidoptera","GCA_905147125.1","Ensembl","FASTA/GTF/GFF3/TSV","FASTA",""
"Ixodes persulcatus","","Taiga tick (Iper-2018)","Arthropods","GCA_013358835.1","TIGMIC Group, Beijing Institute of Microbiology and Epidemiology","FASTA/GTF/GFF3/TSV","FASTA",""
"Ixodes scapularis","","Black-legged tick (PalLabHiFi)","Arthropods","GCA_016920785.2","NCBI","FASTA/GTF/GFF3/TSV","FASTA",""
"Labeo catla","","Catla","Fish","GCA_012976165.1","Ensembl","FASTA/GTF/GFF3/TSV","FASTA","BAM"
"Lacerta agilis","","Lizards","Reptiles","GCA_009819535.1","Ensembl","FASTA/GTF/GFF3/TSV","FASTA","BAM"
"Lagenorhynchus obliquidens","","Pacific white-sided dolphin","Mammals","GCA_003676395.1","Ensembl","FASTA/GTF/GFF3/TSV","FASTA",""
"Laspeyria flexula","","Moths","Lepidoptera","GCA_905147015.1","Ensembl","FASTA/GTF/GFF3/TSV","FASTA",""
"Laspeyria flexula","","Moths","Lepidoptera","GCA_905147035.1","Ensembl","FASTA/GTF/GFF3/TSV","FASTA",""
"Lemur catta","","Ring-tailed lemur","Mammals","GCA_004024665.1","Ensembl","FASTA/GTF/GFF3/TSV","FASTA","BAM"
"Leptidea sinapis","","Butterflies","Lepidoptera","GCA_905404315.1","Ensembl","FASTA/GTF/GFF3/TSV","FASTA",""
"Leptidea sinapis","","Butterflies","Lepidoptera","GCA_905404105.1","Ensembl","FASTA/GTF/GFF3/TSV","FASTA",""
"Leptinotarsa decemlineata","NEW","Colorado potato beetle (Imidocloprid resistant)","Arthropods","GCA_000500325.2","NCBI","FASTA/GTF/GFF3/TSV","FASTA",""
"Leptobrachium leishanense","","Leishan spiny toad","Amphibians","GCA_009667805.1","Ensembl","FASTA/GTF/GFF3/TSV","FASTA",""
"Limenitis camilla","","Butterflies","Lepidoptera","GCA_905147315.1","Ensembl","FASTA/GTF/GFF3/TSV","FASTA",""
"Limenitis camilla","","Butterflies","Lepidoptera","GCA_905147385.1","Ensembl","FASTA/GTF/GFF3/TSV","FASTA",""
"Limulus polyphemus","NEW","Atlantic horseshoe crab","Arthropods","GCA_000517525.1","NCBI","FASTA/GTF/GFF3/TSV","FASTA",""
"Lycaena phlaeas","","Common copper","Lepidoptera","GCA_905333065.1","Ensembl","FASTA/GTF/GFF3/TSV","FASTA",""
"Lycaena phlaeas","","Common copper","Lepidoptera","GCA_905333005.1","Ensembl","FASTA/GTF/GFF3/TSV","FASTA",""
"Lynx canadensis","","Canada lynx","Mammals","GCA_007474595.1","Ensembl","FASTA/GTF/GFF3/TSV","FASTA",""
"Lysandra bellargus","","Adonis blue","Lepidoptera","GCA_905333045.1","Ensembl","FASTA/GTF/GFF3/TSV","FASTA",""
"Lysandra bellargus","","Adonis blue","Lepidoptera","GCA_905332955.1","Ensembl","FASTA/GTF/GFF3/TSV","FASTA",""
"Lysandra coridon","","Butterflies","Lepidoptera","GCA_905220525.1","Ensembl","FASTA/GTF/GFF3/TSV","FASTA",""
"Lysandra coridon","","Butterflies","Lepidoptera","GCA_905220515.1","Ensembl","FASTA/GTF/GFF3/TSV","FASTA",""
"Lytechinus variegatus","NEW","Green sea urchin (NC3)","Metazoa","GCA_018143015.1","NCBI","FASTA/GTF/GFF3/TSV","FASTA",""
"Macaca fascicularis","","Crab-eating macaque","Mammals","GCA_903645275.1","Ensembl","FASTA/GTF/GFF3/TSV","FASTA",""
"Macaca fascicularis","","Crab-eating macaque","Mammals","GCA_903645265.1","Ensembl","FASTA/GTF/GFF3/TSV","FASTA",""
"Macaca fascicularis","","Crab-eating macaque","Mammals","GCA_011100615.1","Ensembl","FASTA/GTF/GFF3/TSV","FASTA",""
"Macropis europaea","","Bees","Arthropods","GCA_916610135.1","Ensembl","FASTA/GTF/GFF3/TSV","FASTA",""
"Malurus cyaneus samueli","","Superb fairywren","Birds","GCA_009741485.1","Ensembl","FASTA/GTF/GFF3/TSV","FASTA",""
"Mamestra brassicae","","Cabbage moth","Lepidoptera","GCA_905163435.1","Ensembl","FASTA/GTF/GFF3/TSV","FASTA",""
"Maniola hyperantus","","Ringlet","Lepidoptera","GCA_902806685.2","Ensembl","FASTA/GTF/GFF3/TSV","FASTA",""
"Maniola jurtina","","Meadow brown","Lepidoptera","GCA_905333055.1","Ensembl","FASTA/GTF/GFF3/TSV","FASTA",""
"Maniola jurtina","","Meadow brown","Lepidoptera","GCA_905333105.1","Ensembl","FASTA/GTF/GFF3/TSV","FASTA",""
"Manis javanica","","Malayan pangolin","Mammals","GCA_001685135.1","Ensembl","FASTA/GTF/GFF3/TSV","FASTA",""
"Marmota flaviventris","","Yellow-bellied marmot","Mammals","GCA_003676075.2","Ensembl","FASTA/GTF/GFF3/TSV","FASTA","BAM"
"Marmota himalayana","","Himalayan marmot","Mammals","GCA_005280165.1","Ensembl","FASTA/GTF/GFF3/TSV","FASTA","BAM"
"Marmota monax","","Woodchuck","Mammals","GCA_901343595.1","Ensembl","FASTA/GTF/GFF3/TSV","FASTA",""
"Martes zibellina","","Sable","Mammals","GCA_012583365.1","Ensembl","FASTA/GTF/GFF3/TSV","FASTA","BAM"
"Mastacembelus armatus","","Zig-zag eel","Fish","GCA_900324485.2","Ensembl","FASTA/GTF/GFF3/TSV","FASTA",""
"Mastacembelus armatus","","Zig-zag eel","Fish","GCA_900324485.1","Ensembl","FASTA/GTF/GFF3/TSV","FASTA",""
"Megaderma lyra","","Indian false vampire","Mammals","GCA_004026885.1","Ensembl","FASTA/GTF/GFF3/TSV","FASTA",""
"Megalops cyprinoides","","Indo-Pacific tarpon","Fish","GCA_013368585.1","Ensembl","FASTA/GTF/GFF3/TSV","FASTA",""
"Meleagris gallopavo","","Turkey","Birds","GCA_000146605.4","Ensembl","FASTA/GTF/GFF3/TSV","FASTA",""
"Melitaea cinxia","","Glanville fritillary","Lepidoptera","GCA_905220555.1","Ensembl","FASTA/GTF/GFF3/TSV","FASTA",""
"Melitaea cinxia","","Glanville fritillary","Lepidoptera","GCA_905220565.1","Ensembl","FASTA/GTF/GFF3/TSV","FASTA",""
"Mellicta athalia","","Butterflies","Lepidoptera","GCA_905220545.1","Ensembl","FASTA/GTF/GFF3/TSV","FASTA",""
"Mellicta athalia","","Butterflies","Lepidoptera","GCA_905220535.1","Ensembl","FASTA/GTF/GFF3/TSV","FASTA",""
"Melopsittacus undulatus","","Budgerigar","Birds","GCA_012275295.1","Ensembl","FASTA/GTF/GFF3/TSV","FASTA",""
"Meriones unguiculatus","","Mongolian gerbil","Mammals","GCA_004026785.1","Ensembl","FASTA/GTF/GFF3/TSV","FASTA",""
"Mesocricetus auratus","","Golden hamster","Mammals","GCA_017639785.1","Ensembl","FASTA/GTF/GFF3/TSV","FASTA",""
"Metaseiulus occidentalis","NEW","Western predatory mite","Arthropods","GCA_000255335.1","NCBI","FASTA/GTF/GFF3/TSV","FASTA",""
"Mirounga leonina","","Southern elephant seal","Mammals","GCA_011800145.1","Ensembl","FASTA/GTF/GFF3/TSV","FASTA",""
"Molothrus ater","","Brown-headed Cowbird","Birds","GCA_012460135.1","Ensembl","FASTA/GTF/GFF3/TSV","FASTA","BAM"
"Monodon monoceros","","Narwhal","Mammals","GCA_005190385.2","Ensembl","FASTA/GTF/GFF3/TSV","FASTA",""
"Monomorium pharaonis","NEW","Pharaoh ant (MP-MQ-018)","Arthropods","GCA_013373865.2","NCBI","FASTA/GTF/GFF3/TSV","FASTA",""
"Mus minutoides","","Southern African pygmy mouse","Mammals","GCA_902729485.1","Ensembl","FASTA/GTF/GFF3/TSV","FASTA","BAM"
"Mus minutoides","","Southern African pygmy mouse","Mammals","GCA_902729475.1","Ensembl","FASTA/GTF/GFF3/TSV","FASTA","BAM"
"Mustela erminea","","Ermine","Mammals","GCA_009829155.1","Ensembl","FASTA/GTF/GFF3/TSV","FASTA","BAM"
"Mustela putorius","","European polecat","Mammals","GCA_902460205.1","Ensembl","FASTA/GTF/GFF3/TSV","FASTA",""
"Myodes glareolus","","Bank vole","Mammals","GCA_004368595.1","Ensembl","FASTA/GTF/GFF3/TSV","FASTA",""
"Myripristis murdjan","","Pinecone soldierfish","Fish","GCA_902150065.1","Ensembl","FASTA/GTF/GFF3/TSV","FASTA",""
"Mythimna ferrago","","Moths","Lepidoptera","GCA_910589285.1","Ensembl","FASTA/GTF/GFF3/TSV","FASTA",""
"Mythimna ferrago","","Moths","Lepidoptera","GCA_910589535.1","Ensembl","FASTA/GTF/GFF3/TSV","FASTA",""
"Mythimna impura","","Moths","Lepidoptera","GCA_905147275.1","Ensembl","FASTA/GTF/GFF3/TSV","FASTA",""
"Mythimna impura","","Moths","Lepidoptera","GCA_905147345.1","Ensembl","FASTA/GTF/GFF3/TSV","FASTA",""
"Naja naja","","Indian cobra","Reptiles","GCA_009733165.1","Ensembl","FASTA/GTF/GFF3/TSV","FASTA",""
"Neomonachus schauinslandi","","Hawaiian monk seal","Mammals","GCA_002201575.1","Ensembl","FASTA/GTF/GFF3/TSV","FASTA","BAM"
"Nomada fabriciana","","Bees","Arthropods","GCA_907165305.1","Ensembl","FASTA/GTF/GFF3/TSV","FASTA",""
"Nomada fabriciana","","Bees","Arthropods","GCA_907165295.1","Ensembl","FASTA/GTF/GFF3/TSV","FASTA",""
"Nothobranchius furzeri","","Turquoise killifish","Fish","GCA_001465895.2","Ensembl","FASTA/GTF/GFF3/TSV","FASTA",""
"Nothobranchius kuhntae","","Beira killifish","Fish","GCA_006942095.1","Ensembl","FASTA/GTF/GFF3/TSV","FASTA",""
"Notodonta dromedarius","","Moths","Lepidoptera","GCA_905147855.1","Ensembl","FASTA/GTF/GFF3/TSV","FASTA",""
"Notodonta dromedarius","","Moths","Lepidoptera","GCA_905147325.1","Ensembl","FASTA/GTF/GFF3/TSV","FASTA",""
"Notolabrus celidotus","","New Zealand spotty","Fish","GCA_009762535.1","Ensembl","FASTA/GTF/GFF3/TSV","FASTA",""
"Nymphalis polychloros","","Blackleg tortoiseshell","Lepidoptera","GCA_905220575.1","Ensembl","FASTA/GTF/GFF3/TSV","FASTA",""
"Nymphalis polychloros","","Blackleg tortoiseshell","Lepidoptera","GCA_905220585.1","Ensembl","FASTA/GTF/GFF3/TSV","FASTA",""
"Nymphalis urticae","","Small tortoiseshell","Lepidoptera","GCA_905147055.1","Ensembl","FASTA/GTF/GFF3/TSV","FASTA",""
"Nymphalis urticae","","Small tortoiseshell","Lepidoptera","GCA_905147175.1","Ensembl","FASTA/GTF/GFF3/TSV","FASTA",""
"Nysson spinosus","","Bees","Arthropods","GCA_910591585.1","Ensembl","FASTA/GTF/GFF3/TSV","FASTA",""
"Ochlodes sylvanus","","Moths","Lepidoptera","GCA_905404295.1","Ensembl","FASTA/GTF/GFF3/TSV","FASTA",""
"Ochlodes sylvanus","","Moths","Lepidoptera","GCA_905404205.1","Ensembl","FASTA/GTF/GFF3/TSV","FASTA",""
"Odocoileus hemionus hemionus","","Mule deer","Mammals","GCA_004115125.1","Ensembl","FASTA/GTF/GFF3/TSV","FASTA","BAM"
"Odocoileus virginianus texanus","","White-tailed deer","Mammals","GCA_002102435.1","Ensembl","FASTA/GTF/GFF3/TSV","FASTA",""
"Oncorhynchus gorbuscha","NEW","Pink salmon (Odd year)","Fish","GCA_017355495.1","Ensembl","FASTA/GTF/GFF3/TSV","FASTA","BAM"
"Oncorhynchus kisutch","","Coho salmon","Fish","GCA_002021735.2","Ensembl","FASTA/GTF/GFF3/TSV","FASTA",""
"Oncorhynchus mykiss","","Rainbow trout","Fish","GCA_013265735.3","Ensembl","FASTA/GTF/GFF3/TSV","FASTA","BAM"
"Oncorhynchus nerka","","Sockeye salmon","Fish","GCA_006149115.1","Ensembl","FASTA/GTF/GFF3/TSV","FASTA",""
"Onthophagus taurus","NEW","Dung beetle","Arthropods","GCA_000648695.2","NCBI","FASTA/GTF/GFF3/TSV","FASTA",""
"Ooceraea biroi","NEW","Clonal raider ant (clonal line C1)","Arthropods","GCA_003672135.1","NCBI","FASTA/GTF/GFF3/TSV","FASTA",""
"Orbicella faveolata","NEW","Mountainous star coral (FL)","Metazoa","GCA_002042975.1","NCBI","FASTA/GTF/GFF3/TSV","FASTA",""
"Ornithorhynchus anatinus","","Platypus","Mammals","GCA_004115215.2","Ensembl","FASTA/GTF/GFF3/TSV","FASTA",""
"Orussus abietinus","NEW","Parasitic wood wasp (OABI.00-Male)","Arthropods","GCA_000612105.2","NCBI","FASTA/GTF/GFF3/TSV","FASTA",""
"Osmia bicornis bicornis","","Red mason bee","Arthropods","GCA_907164935.1","Ensembl","FASTA/GTF/GFF3/TSV","FASTA",""
"Otus sunia","","Oriental scops-owl","Birds","GCA_010365825.1","Ensembl","FASTA/GTF/GFF3/TSV","FASTA",""
"Ovis aries","","Sheep","Mammals","GCA_002742125.1","Ensembl","FASTA/GTF/GFF3/TSV","FASTA",""
"Ovis aries","","Sheep (Texel)","Mammals","GCA_000298735.2","Ensembl","FASTA/GTF/GFF3/TSV","FASTA","BAM"
"Panthera leo x Panthera tigris","","Tiger","Mammals","GCA_018350195.1","Ensembl","FASTA/GTF/GFF3/TSV","FASTA",""
"Panthera leo x Panthera tigris","","Lion","Mammals","GCA_018350215.1","Ensembl","FASTA/GTF/GFF3/TSV","FASTA",""
"Pantherophis guttatus","","Corn snake","Reptiles","GCA_001185365.2","Ensembl","FASTA/GTF/GFF3/TSV","FASTA","BAM"
"Papilio machaon","","Common yellow swallowtail","Lepidoptera","GCA_912999745.1","Ensembl","FASTA/GTF/GFF3/TSV","FASTA",""
"Papilio machaon","","Common yellow swallowtail","Lepidoptera","GCA_912999765.1","Ensembl","FASTA/GTF/GFF3/TSV","FASTA",""
"Papio anubis","","Olive baboon","Mammals","GCA_008728515.1","Ensembl","FASTA/GTF/GFF3/TSV","FASTA","BAM"
"Parambassis ranga","","Indian glassy fish","Fish","GCA_900634625.2","Ensembl","FASTA/GTF/GFF3/TSV","FASTA",""
"Parambassis ranga","","Indian glassy fish","Fish","GCA_900634625.1","Ensembl","FASTA/GTF/GFF3/TSV","FASTA",""
"Parapoynx stratiotata","","Moths","Lepidoptera","GCA_910589245.1","Ensembl","FASTA/GTF/GFF3/TSV","FASTA",""
"Parapoynx stratiotata","","Moths","Lepidoptera","GCA_910589355.1","Ensembl","FASTA/GTF/GFF3/TSV","FASTA",""
"Pararge aegeria","","Speckled Wood Butterfly","Lepidoptera","GCA_905163545.1","Ensembl","FASTA/GTF/GFF3/TSV","FASTA",""
"Pararge aegeria","","Speckled Wood Butterfly","Lepidoptera","GCA_905163445.1","Ensembl","FASTA/GTF/GFF3/TSV","FASTA",""
"Parasteatoda tepidariorum","NEW","Common house spider (Goettingen)","Arthropods","GCA_000365465.3","NCBI","FASTA/GTF/GFF3/TSV","FASTA",""
"Passer domesticus","","House sparrow","Birds","GCA_001700915.1","Ensembl","FASTA/GTF/GFF3/TSV","FASTA","BAM"
"Penaeus monodon","NEW","Black tiger shrimp (SGIC_2016)","Arthropods","GCA_015228065.1","NCBI","FASTA/GTF/GFF3/TSV","FASTA",""
"Periophthalmus magnuspinnatus","","Korean giant-fin mudskipper","Fish","GCA_009829125.1","Ensembl","FASTA/GTF/GFF3/TSV","FASTA",""
"Peromyscus eremicus","","Cactus mouse","Mammals","GCA_902702925.1","Ensembl","FASTA/GTF/GFF3/TSV","FASTA",""
"Peromyscus leucopus","","White-footed mouse","Mammals","GCA_004664715.1","Ensembl","FASTA/GTF/GFF3/TSV","FASTA","BAM"
"Phacochoerus africanus","","Common warthog","Mammals","GCA_016906955.1","Ensembl","FASTA/GTF/GFF3/TSV","FASTA",""
"Pheosia gnoma","","Moths","Lepidoptera","GCA_905404125.1","Ensembl","FASTA/GTF/GFF3/TSV","FASTA",""
"Pheosia gnoma","","Moths","Lepidoptera","GCA_905404115.1","Ensembl","FASTA/GTF/GFF3/TSV","FASTA",""
"Pheosia tremula","","Moths","Lepidoptera","GCA_905333115.1","Ensembl","FASTA/GTF/GFF3/TSV","FASTA",""
"Pheosia tremula","","Moths","Lepidoptera","GCA_905333125.1","Ensembl","FASTA/GTF/GFF3/TSV","FASTA",""
"Phlebotomus perniciosus","NEW","Sand fly (Infravec2 Murcia)","Arthropods","GCA_918844115.1","Ensembl","FASTA/GTF/GFF3/TSV","FASTA",""
"Phlogophora meticulosa","","Moths","Lepidoptera","GCA_905147725.1","Ensembl","FASTA/GTF/GFF3/TSV","FASTA",""
"Phlogophora meticulosa","","Moths","Lepidoptera","GCA_905147745.1","Ensembl","FASTA/GTF/GFF3/TSV","FASTA",""
"Phoca vitulina","","Harbor seal","Mammals","GCA_004348235.1","Ensembl","FASTA/GTF/GFF3/TSV","FASTA","BAM"
"Phocoena sinus","","Vaquita","Mammals","GCA_008692025.1","Ensembl","FASTA/GTF/GFF3/TSV","FASTA",""
"Phyllostomus discolor","","Pale spear-nosed bat","Mammals","GCA_004126475.3","Ensembl","FASTA/GTF/GFF3/TSV","FASTA",""
"Phyllostomus discolor","","Pale spear-nosed bat","Mammals","GCA_004126475.2","Ensembl","FASTA/GTF/GFF3/TSV","FASTA",""
"Pieris brassicae","","Large cabbage white","Lepidoptera","GCA_905147085.1","Ensembl","FASTA/GTF/GFF3/TSV","FASTA",""
"Pieris brassicae","","Large cabbage white","Lepidoptera","GCA_905147105.1","Ensembl","FASTA/GTF/GFF3/TSV","FASTA",""
"Pieris napi","","Butterflies","Lepidoptera","GCA_905475415.1","Ensembl","FASTA/GTF/GFF3/TSV","FASTA",""
"Pieris napi","","Green Veined White","Lepidoptera","GCA_905231895.1","Ensembl","FASTA/GTF/GFF3/TSV","FASTA",""
"Pieris napi","","Butterflies","Lepidoptera","GCA_905475465.1","Ensembl","FASTA/GTF/GFF3/TSV","FASTA",""
"Pieris napi","","Green Veined White","Lepidoptera","GCA_905231885.1","Ensembl","FASTA/GTF/GFF3/TSV","FASTA",""
"Pieris rapae","","Cabbage white","Lepidoptera","GCA_905147795.1","Ensembl","FASTA/GTF/GFF3/TSV","FASTA",""
"Pieris rapae","","Cabbage white","Lepidoptera","GCA_905147735.1","Ensembl","FASTA/GTF/GFF3/TSV","FASTA",""
"Pipra filicauda","","Wire-tailed manakin","Birds","GCA_003945595.1","Ensembl","FASTA/GTF/GFF3/TSV","FASTA","BAM"
"Plebejus argus","","Butterflies","Lepidoptera","GCA_905404165.1","Ensembl","FASTA/GTF/GFF3/TSV","FASTA",""
"Plebejus argus","","Butterflies","Lepidoptera","GCA_905404155.1","Ensembl","FASTA/GTF/GFF3/TSV","FASTA",""
"Pocillopora damicornis","NEW","Cauliflower coral (RSMAS)","Metazoa","GCA_003704095.1","NCBI","FASTA/GTF/GFF3/TSV","FASTA",""
"Poecile atricapillus","","Black-capped chickadee","Birds","GCA_011421415.1","Ensembl","FASTA/GTF/GFF3/TSV","FASTA","BAM"
"Pomacea canaliculata","NEW","Apple snail (SZHN2017)","Metazoa","GCA_003073045.1","NCBI","FASTA/GTF/GFF3/TSV","FASTA",""
"Pongo abelii","","Sumatran orangutan","Mammals","GCA_002880775.3","Ensembl","FASTA/GTF/GFF3/TSV","FASTA","BAM"
"Priapulus caudatus","NEW","Penis worm","Metazoa","GCA_000485595.2","NCBI","FASTA/GTF/GFF3/TSV","FASTA",""
"Psammomys obesus","","Fat sand rat","Mammals","GCA_002215935.2","Ensembl","FASTA/GTF/GFF3/TSV","FASTA",""
"Pseudochaenichthys georgianus","","South Georgia icefish","Fish","GCA_902827115.1","Ensembl","FASTA/GTF/GFF3/TSV","FASTA",""
"Pseudoliparis sp. Yap Trench","","Bony fishes (Yap trench)","Fish","GCA_004335475.1","Ensembl","FASTA/GTF/GFF3/TSV","FASTA",""
"Pteropus giganteus","","Indian flying fox","Mammals","GCA_902729225.1","Ensembl","FASTA/GTF/GFF3/TSV","FASTA","BAM"
"Pygocentrus nattereri","","Red-bellied piranha","Fish","GCA_015220715.1","Ensembl","FASTA/GTF/GFF3/TSV","FASTA","BAM"
"Pyrgus malvae","","Grizzled skipper","Lepidoptera","GCA_911387765.1","Ensembl","FASTA/GTF/GFF3/TSV","FASTA",""
"Pyrgus malvae","","Grizzled skipper","Lepidoptera","GCA_911387725.1","Ensembl","FASTA/GTF/GFF3/TSV","FASTA",""
"Rattus norvegicus","","Norway rat (BN/NHsdMcwi)","Mammals","GCA_015227675.2","Ensembl","FASTA/GTF/GFF3/TSV","FASTA","BAM"
"Rhagoletis pomonella","NEW","Apple magot fly (Grant_MI)","Arthropods","GCA_013731165.1","NCBI","FASTA/GTF/GFF3/TSV","FASTA",""
"Rhipicephalus microplus","","Southern cattle tick (Rmic-2018)","Arthropods","GCA_013339725.1","NCBI","FASTA/GTF/GFF3/TSV","FASTA",""
"Rhipicephalus sanguineus","","Brown dog tick (Rsan-2018)","Arthropods","GCA_013339695.1","NCBI","FASTA/GTF/GFF3/TSV","FASTA",""
"Rhizomys pruinosus","","Hoary bamboo rat","Mammals","GCA_009823505.1","Ensembl","FASTA/GTF/GFF3/TSV","FASTA","BAM"
"Rhopalosiphum maidis","NEW","Corn leaf aphid (BTI-1)","Arthropods","GCA_003676215.3","NCBI","FASTA/GTF/GFF3/TSV","FASTA",""
"Rousettus aegyptiacus","","Egyptian rousette","Mammals","GCA_001466805.2","Ensembl","FASTA/GTF/GFF3/TSV","FASTA",""
"Saccoglossus kowalevskii","NEW","Acorn worm","Metazoa","GCA_000003605.1","NCBI","FASTA/GTF/GFF3/TSV","FASTA",""
"Saimiri boliviensis boliviensis","","Bolivian squirrel monkey (Bolivian squirrel monkey)","Mammals","GCA_016699345.1","Ensembl","FASTA/GTF/GFF3/TSV","FASTA","BAM"
"Salarias fasciatus","","Jewelled blenny","Fish","GCA_902148845.1","Ensembl","FASTA/GTF/GFF3/TSV","FASTA",""
"Salmo salar","","Atlantic salmon","Fish","GCA_905237065.2","Ensembl","FASTA/GTF/GFF3/TSV","FASTA","BAM"
"Salmo trutta","","Brown trout","Fish","GCA_901001165.1","Ensembl","FASTA/GTF/GFF3/TSV","FASTA","BAM"
"Sander lucioperca","","Pike-perch","Fish","GCA_008315115.1","Ensembl","FASTA/GTF/GFF3/TSV","FASTA",""
"Sapajus apella","","Tufted capuchin","Mammals","GCA_009761245.1","Ensembl","FASTA/GTF/GFF3/TSV","FASTA","BAM"
"Sarcophilus harrisii","","Tasmanian devil","Mammals","GCA_902635505.1","Ensembl","FASTA/GTF/GFF3/TSV","FASTA","BAM"
"Sarcoptes scabiei","","Itch mite (SSS_KF_BRIS2020)","Arthropods","GCA_014595675.1","The University of Melbourne, Faculty of Veterinary and Agricultural Sciences","FASTA/GTF/GFF3/TSV","FASTA",""
"Sciurus carolinensis","","Gray squirrel","Mammals","GCA_902686445.2","Ensembl","FASTA/GTF/GFF3/TSV","FASTA","BAM"
"Sciurus vulgaris","","Eurasian red squirrel","Mammals","GCA_902686455.2","Ensembl","FASTA/GTF/GFF3/TSV","FASTA","BAM"
"Sciurus vulgaris","","Eurasian red squirrel","Mammals","GCA_902686455.1","Ensembl","FASTA/GTF/GFF3/TSV","FASTA","BAM"
"Scleropages formosus","","Asian bonytongue","Fish","GCA_900964775.1","Ensembl","FASTA/GTF/GFF3/TSV","FASTA",""
"Scophthalmus maximus","","Turbot","Fish","GCA_013347765.1","Ensembl","FASTA/GTF/GFF3/TSV","FASTA",""
"Sebastes umbrosus","NEW","Honeycomb rockfish","Fish","GCA_015220745.1","Ensembl","FASTA/GTF/GFF3/TSV","FASTA","BAM"
"Sigmodon hispidus","","Hispid cotton rat","Mammals","GCA_004025045.1","Ensembl","FASTA/GTF/GFF3/TSV","FASTA",""
"Sipha flava","NEW","Yellow sugarcane aphid (LNK)","Arthropods","GCA_003268045.1","NCBI","FASTA/GTF/GFF3/TSV","FASTA",""
"Sousa chinensis","","Indo-pacific humpbacked dolphin","Mammals","GCA_007760645.1","Ensembl","FASTA/GTF/GFF3/TSV","FASTA",""
"Sparus aurata","","Gilthead seabream","Fish","GCA_900880675.1","Ensembl","FASTA/GTF/GFF3/TSV","FASTA",""
"Sphaeramia orbicularis","","Orbiculate cardinalfish","Fish","GCA_902148855.1","Ensembl","FASTA/GTF/GFF3/TSV","FASTA",""
"Strigops habroptila","","Kakapo","Birds","GCA_004027225.1","Ensembl","FASTA/GTF/GFF3/TSV","FASTA",""
"Strix occidentalis caurina","","Northern spotted owl","Birds","GCA_002372975.1","Ensembl","FASTA/GTF/GFF3/TSV","FASTA",""
"Stylophora pistillata","NEW","Hood coral (CSM Monaco)","Metazoa","GCA_002571385.1","NCBI","FASTA/GTF/GFF3/TSV","FASTA",""
"Sus scrofa","","Pig","Mammals","GCA_000003025.6","Ensembl","FASTA/GTF/GFF3/TSV","FASTA","BAM"
"Syncerus caffer","","African buffalo","Mammals","GCA_902825105.1","Ensembl","FASTA/GTF/GFF3/TSV","FASTA",""
"Taeniopygia guttata","","Zebra finch","Birds","GCA_003957565.2","Ensembl","FASTA/GTF/GFF3/TSV","FASTA",""
"Taeniopygia guttata","","Zebra finch","Birds","GCA_008822105.1","Ensembl","FASTA/GTF/GFF3/TSV","FASTA",""
"Takifugu rubripes","","Fugu","Fish","GCA_901000725.2","Ensembl","FASTA/GTF/GFF3/TSV","FASTA",""
"Tenthredo notha","","Hymenopterans","Arthropods","GCA_914767705.1","Ensembl","FASTA/GTF/GFF3/TSV","FASTA",""
"Thalassophryne amazonica","","Prehistoric monster fish","Fish","GCA_902500255.1","Ensembl","FASTA/GTF/GFF3/TSV","FASTA",""
"Thamnaconus septentrionalis","","Bony fishes","Fish","GCA_009823395.1","Ensembl","FASTA/GTF/GFF3/TSV","FASTA","BAM"
"Thamnophis elegans","","Western terrestrial garter snake","Reptiles","GCA_009769535.1","Ensembl","FASTA/GTF/GFF3/TSV","FASTA",""
"Thunnus orientalis","","Pacific bluefin tuna","Fish","GCA_009176245.1","Ensembl","FASTA/GTF/GFF3/TSV","FASTA",""
"Thyatira batis","","Peach Blossom","Lepidoptera","GCA_905147785.1","Ensembl","FASTA/GTF/GFF3/TSV","FASTA",""
"Thyatira batis","","Peach Blossom","Lepidoptera","GCA_905147775.1","Ensembl","FASTA/GTF/GFF3/TSV","FASTA",""
"Thymallus thymallus","","Grayling","Fish","GCA_004348285.1","Ensembl","FASTA/GTF/GFF3/TSV","FASTA","BAM"
"Thymelicus sylvestris","","Small skipper","Lepidoptera","GCA_911387775.1","Ensembl","FASTA/GTF/GFF3/TSV","FASTA",""
"Thymelicus sylvestris","","Small skipper","Lepidoptera","GCA_911387695.1","Ensembl","FASTA/GTF/GFF3/TSV","FASTA",""
"Tinea semifulvella","","Moths","Lepidoptera","GCA_910589645.1","Ensembl","FASTA/GTF/GFF3/TSV","FASTA",""
"Tinea semifulvella","","Moths","Lepidoptera","GCA_910589255.1","Ensembl","FASTA/GTF/GFF3/TSV","FASTA",""
"Tinea trinotella","","Moths","Lepidoptera","GCA_905220615.1","Ensembl","FASTA/GTF/GFF3/TSV","FASTA",""
"Tinea trinotella","","Moths","Lepidoptera","GCA_905220625.1","Ensembl","FASTA/GTF/GFF3/TSV","FASTA",""
"Trachinotus ovatus","","Derbio","Fish","GCA_900607315.1","Ensembl","FASTA/GTF/GFF3/TSV","FASTA","BAM"
"Trachurus trachurus","","Atlantic horse mackerel","Fish","GCA_905171665.1","Ensembl","FASTA/GTF/GFF3/TSV","FASTA","BAM"
"Trachypithecus francoisi","","Francois's langur","Mammals","GCA_009764315.1","Ensembl","FASTA/GTF/GFF3/TSV","FASTA","BAM"
"Trachypithecus francoisi","","Francois's langur (Black)","Mammals","GCA_009764325.1","Ensembl","FASTA/GTF/GFF3/TSV","FASTA",""
"Tragelaphus strepsiceros","","Greater kudu","Mammals","GCA_006410795.1","Ensembl","FASTA/GTF/GFF3/TSV","FASTA","BAM"
"Trematomus bernacchii","","Emerald rockcod","Fish","GCA_902827165.1","Ensembl","FASTA/GTF/GFF3/TSV","FASTA",""
"Trichechus manatus latirostris","","Florida manatee","Mammals","GCA_000243295.1","Ensembl","FASTA/GTF/GFF3/TSV","FASTA","BAM"
"Trichogramma pretiosum","NEW","Parasitoid wasp (Unisexual culture from Peru)","Arthropods","GCA_000599845.3","NCBI","FASTA/GTF/GFF3/TSV","FASTA",""
"Triplophysa siluroides","","Catfish-like loach","Fish","GCA_006030095.1","Ensembl","FASTA/GTF/GFF3/TSV","FASTA","BAM"
"Triplophysa tibetana","","Triplophysa tibetana","Fish","GCA_008369825.1","Ensembl","FASTA/GTF/GFF3/TSV","FASTA",""
"Tropheus moorii","","Blunthead cichlid","Fish","GCA_902810505.1","Ensembl","FASTA/GTF/GFF3/TSV","FASTA",""
"Tursiops aduncus","","Indo-pacific bottlenose dolphin","Mammals","GCA_003227395.1","Ensembl","FASTA/GTF/GFF3/TSV","FASTA",""
"Tursiops truncatus","","Common bottlenose dolphin","Mammals","GCA_011762595.1","Ensembl","FASTA/GTF/GFF3/TSV","FASTA",""
"Tyto alba alba","","Barn owl","Birds","GCA_902150015.1","Ensembl","FASTA/GTF/GFF3/TSV","FASTA","BAM"
"Ursus arctos horribilis","","Brown bear","Mammals","GCA_003584765.1","Ensembl","FASTA/GTF/GFF3/TSV","FASTA",""
"Vanessa atalanta","","Red admiral","Lepidoptera","GCA_905147765.2","Ensembl","FASTA/GTF/GFF3/TSV","FASTA",""
"Vanessa atalanta","","Red admiral","Lepidoptera","GCA_905147705.2","Ensembl","FASTA/GTF/GFF3/TSV","FASTA",""
"Vanessa atalanta","","Red admiral","Lepidoptera","GCA_905147765.1","Ensembl","FASTA/GTF/GFF3/TSV","FASTA",""
"Vanessa atalanta","","Red admiral","Lepidoptera","GCA_905147705.1","Ensembl","FASTA/GTF/GFF3/TSV","FASTA",""
"Vanessa cardui","","Painted lady","Lepidoptera","GCA_905220355.1","Ensembl","FASTA/GTF/GFF3/TSV","FASTA",""
"Vanessa cardui","","Painted lady","Lepidoptera","GCA_905220365.1","Ensembl","FASTA/GTF/GFF3/TSV","FASTA",""
"Verasper variegatus","","Spotted halibut","Fish","GCA_012393435.1","Ensembl","FASTA/GTF/GFF3/TSV","FASTA","BAM"
"Verasper variegatus","","Spotted halibut","Fish","GCA_013332515.1","Ensembl","FASTA/GTF/GFF3/TSV","FASTA",""
"Vespa velutina","","Wasps, ants, and bees","Arthropods","GCA_912470025.1","Ensembl","FASTA/GTF/GFF3/TSV","FASTA",""
"Vespula germanica","","Wasps, ants, and bees","Arthropods","GCA_905340365.1","Ensembl","FASTA/GTF/GFF3/TSV","FASTA",""
"Vespula germanica","","Wasps, ants, and bees","Arthropods","GCA_905340295.1","Ensembl","FASTA/GTF/GFF3/TSV","FASTA",""
"Vespula vulgaris","","Wasps, ants, and bees","Arthropods","GCA_905475345.1","Ensembl","FASTA/GTF/GFF3/TSV","FASTA",""
"Vespula vulgaris","","Wasps, ants, and bees","Arthropods","GCA_905404185.1","Ensembl","FASTA/GTF/GFF3/TSV","FASTA",""
"Vicugna pacos huacaya","","Alpaca","Mammals","GCA_000767525.1","Ensembl","FASTA/GTF/GFF3/TSV","FASTA","BAM"
"Vicugna vicugna mensalis","","Vicugna","Mammals","GCA_013265495.1","Ensembl","FASTA/GTF/GFF3/TSV","FASTA","BAM"
"Vigna unguiculata","","Cowpea (IT97K-499-35)","Plants","GCA_004118075.1","JGI","FASTA/GTF/GFF3/TSV","FASTA",""
"Vitis vinifera","","Wine grape (PN40024)","Plants","GCA_910591555.1","IGGP","FASTA/GTF/GFF3/TSV","FASTA",""
"Vulpes lagopus","","Arctic fox","Mammals","GCA_004023825.1","Ensembl","FASTA/GTF/GFF3/TSV","FASTA","BAM"
"Xenopus laevis","NEW","African clawed frog (J_2021)","Amphibians","GCA_017654675.1","Ensembl","FASTA/GTF/GFF3/TSV","FASTA","BAM"
"Xenopus tropicalis","","Tropical clawed frog","Amphibians","GCA_000004195.4","Ensembl","FASTA/GTF/GFF3/TSV","FASTA","BAM"
"Xestia xanthographa","","Moths","Lepidoptera","GCA_905147755.1","Ensembl","FASTA/GTF/GFF3/TSV","FASTA",""
"Xestia xanthographa","","Moths","Lepidoptera","GCA_905147715.1","Ensembl","FASTA/GTF/GFF3/TSV","FASTA",""
"Zalophus californianus","","California sea lion","Mammals","GCA_009762305.1","Ensembl","FASTA/GTF/GFF3/TSV","FASTA",""
"Zalophus californianus","","California sea lion","Mammals","GCA_009762305.2","Ensembl","FASTA/GTF/GFF3/TSV","FASTA",""
"Zootoca vivipara","","Common lizard","Reptiles","GCA_011800845.1","Ensembl","FASTA/GTF/GFF3/TSV","FASTA","BAM"
"Zygaena filipendulae","","Moths","Lepidoptera","GCA_907165275.1","Ensembl","FASTA/GTF/GFF3/TSV","FASTA",""
"Zygaena filipendulae","","Moths","Lepidoptera","GCA_907165265.1","Ensembl","FASTA/GTF/GFF3/TSV","FASTA",""
